Lot,Asset ID,SerialNumber,Brand,Model,Model#,Processor,RAM,RAM_P_N,RAM_Type,Hard_Drive,Hard_Drive_P_N,HD_Type,Optical,ComplianceLabel,Weight,Unit_Condition,Condition,PRICE,Raid_Controller,Module,PowerSupply,Issues & Comments
39098,2593426,J100ZWP2,Lenovo,ThinkSystem SR650,7X02CTO1WW,2 x Intel Xeon Silver 4109T 2.00GHZ 8 Core,No_RAM,, ,No_HD,,,,"Tested for Key Functions, R2/Ready for Resale",34.25,Tested Working,A,,SAS9460-8i,,2 x 750W (FSF055) ,
39098,2593427,J100ZWP4,Lenovo,ThinkSystem SR650,7X02CTO1WW,2 x Intel Xeon Silver 4109T 2.00GHZ 8 Core,No_RAM,, ,No_HD,,,,"Tested for Key Functions, R2/Ready for Resale",34.25,Tested Working,A,,SAS9460-8i,,2 x 750W (FSF055) ,
39098,2593425,J100Z5RE,Lenovo,ThinkSystem SR630,7X02CTO1WW,2 x Intel Xeon Silver 4109T 2.00GHZ 8 Core,No_RAM,, ,No_HD,,,,"Tested for Key Functions, R2/Ready for Resale",34.25,Tested Working,A,,SAS9460-8i,,2 x 750W (FSF055) ,
39098,2593422,J100ZNNP,Lenovo,ThinkSystem SR630,7X02CTO1WW,2 x Intel Xeon Silver 4109T 2.00GHZ 8 Core,96GB:_16GB_x_6,SM37A21493_x_6,PC4 2933Y,No_HD,,,,"Tested for Key Functions, R2/Ready for Resale",34.25,Tested Working,B,,SAS9460-8i,,2 x 750W (FSF055) ,
39098,2593405,J100W4F2,Lenovo,ThinkSystem SR630,7X02CTO1WW,2 x Intel Xeon Silver 4109T 2.00GHZ 8 Core,No_RAM,, ,No_HD,,,,"Tested for Key Functions, R2/Ready for Resale",34.25,Tested Working,A,,SAS9460-8i,,2 x 750W (FSF055) ,
39098,2593411,J100ZMH9,Lenovo,ThinkSystem SR630,7X02CTO1WW,2 x Intel Xeon Silver 4109T 2.00GHZ 8 Core,No_RAM,, ,No_HD,,,,"Tested for Key Functions, R2/Ready for Resale",34.25,Tested Working,A,,SAS9460-8i,,2 x 750W (FSF055) ,
39098,2593408,J100Z5RT,Lenovo,ThinkSystem SR630,7X02CTO1WW,2 x Intel Xeon Silver 4109T 2.00GHZ 8 Core,No_RAM,, ,No_HD,,,,"Tested for Key Functions, R2/Ready for Resale",34.25,Tested Working,B,,SAS9460-8i,,2 x 750W (FSF055) ,
39098,2593414,J100VKXM,Lenovo,ThinkSystem SR630,7X02CTO1WW,2 x Intel Xeon Silver 4109T 2.00GHZ 8 Core,No_RAM,, ,No_HD,,,,"Tested for Key Functions, R2/Ready for Resale",34.25,Tested Working,A,,SAS9460-8i,,2 x 750W (FSF055) ,Broken_RAM_Clamp_x_1
39098,2593423,J100Z5PT,Lenovo,ThinkSystem SR630,7X02CTO1WW,2 x Intel Xeon Silver 4109T 2.00GHZ 8 Core,No_RAM,, ,No_HD,,,,"Tested for Key Functions, R2/Ready for Resale",34.25,Tested Working,A,,SAS9460-8i,,2 x 750W (FSF055) ,
39098,2593406,J100ZLL0,Lenovo,ThinkSystem SR630,7X02CTO1WW,2 x Intel Xeon Silver 4109T 2.00GHZ 8 Core,No_RAM,, ,No_HD,,,,"Tested for Key Functions, R2/Ready for Resale",34.25,Tested Working,A,,SAS9460-8i,,2 x 750W (FSF055) ,
39098,2593409,J100ZMH8,Lenovo,ThinkSystem SR630,7X02CTO1WW,2 x Intel Xeon Silver 4109T 2.00GHZ 8 Core,96GB:_16GB_x_6,SM37A21493_x_6,PC4 2933Y,No_HD,,,,"Tested for Key Functions, R2/Ready for Resale",34.25,Tested Working,C,,SAS9460-8i,,2 x 750W (FSF055) ,
39098,2593407,J100ZLHT,Lenovo,ThinkSystem SR630,7X02CTO1WW,2 x Intel Xeon Silver 4109T 2.00GHZ 8 Core,No_RAM,, ,No_HD,,,,"Tested for Key Functions, R2/Ready for Resale",34.25,Tested Working,A,,SAS9460-8i,,2 x 750W (FSF055) ,
39098,2593404,J100VKXA,Lenovo,ThinkSystem SR630,7X02CTO1WW,2 x Intel Xeon Silver 4109T 2.00GHZ 8 Core,No_RAM,, ,No_HD,,,,"Tested for Key Functions, R2/Ready for Resale",34.25,Tested Working,A,,SAS9460-8i,,2 x 750W (FSF055) ,Removed_Bad_Power_Supply_x_2
39098,2593412,J100ZLLL,Lenovo,ThinkSystem SR630,7X02CTO1WW,2 x Intel Xeon Silver 4109T 2.00GHZ 8 Core,No_RAM,, ,No_HD,,,,"Tested for Key Functions, R2/Ready for Resale",34.25,Tested Working,A,,SAS9460-8i,,2 x 750W (FSF055) ,
39098,2593410,J100ZNN3,Lenovo,ThinkSystem SR630,7X02CTO1WW,2 x Intel Xeon Silver 4109T 2.00GHZ 8 Core,No_RAM,, ,No_HD,,,,"Tested for Key Functions, R2/Ready for Resale",34.25,Tested Working,A,,SAS9460-8i,,2 x 750W (FSF055) ,
39098,2593424,J100Z5T5,Lenovo,ThinkSystem SR630,7X02CTO1WW,2 x Intel Xeon Silver 4109T 2.00GHZ 8 Core,No_RAM,, ,No_HD,,,,"Tested for Key Functions, R2/Ready for Resale",34.25,Tested Working,A,,SAS9460-8i,,2 x 750W (FSF055) ,
39098,2593413,J100ZMH1,Lenovo,ThinkSystem SR630,7X02CTO1WW,2 x Intel Xeon Silver 4109T 2.00GHZ 8 Core,No_RAM,, ,No_HD,,,,"Tested for Key Functions, R2/Ready for Resale",34.25,Tested Working,A,,SAS9460-8i,,2 x 750W (FSF055) ,Broken_PCI_Latch
39008,2588547,375910013210EBE0170,Buffalo,Terrastation,TS5400R1604,1 x Intel Atom D2701 2.13GHZ 2 Core,,, ,4TB_x_2,0VF3T3_x_2,SATA,,"Tested for Key Functions, R2/Ready for Resale",18,Tested Working,A,,Internal_Raid,,Internal,
39194,2609455,KQ861TP,IBM,System X3550 M3,7944AC1,1 x Intel Xeon L5640 2.26GHZ 6 Core,24GB:_8GB_x_3,47J0136_x_3,PC3L 10600R,No_HD,,,,"Tested for Key Functions, R2/Ready for Resale",34.83,Tested Working,A,,Internal_Raid,,2 x 675W (39Y7224) ,
39098,2593419,6ADWKN,IBM,System x3530 M4,7160AC1,2 x Intel Xeon E5-2430 2.20GHZ 6 Core,No_RAM,, ,No_HD,,,DVDROM,"Tested for Key Functions, R2/Ready for Resale",34.25,Tested Working,A,,IBM_SERVERRAID_M5110,,2 x 460W (69Y5938) ,
39098,2593415,06ADWKK,IBM,System x3530 M4,7160AC1,2 x Intel Xeon E5-2430 2.20GHZ 6 Core,No_RAM,, ,No_HD,,,DVDROM,"Tested for Key Functions, R2/Ready for Resale",34.25,Tested Working,A,,IBM_SERVERRAID_M5110,,2 x 460W (69Y5938) ,
39194,2609454,BQW974200164,Intel,R1000,LSSFRACKXXXX52,2 x Intel Xeon E5-2680 V4 2.40GHZ 14 Core,No_RAM,, ,No_HD,,,,"Tested for Key Functions, R2/Ready for Resale",34.83,Tested Working,A,,Internal_Raid,,2 x 750W (E98791-010) ,
39196,2610707,MXQ61604NM,HP,ProLiant DL360 Gen9,755262-B21,1 x Intel Xeon E5-2630 v3 2.40GHZ 8 Core,"24GB:_16GB_x_1,8GB_x_1",752369-081_x_1;762200-081_x_1,PC4 2133P,No_HD,,,,"Tested for Key Functions, R2/Ready for Resale",28,Tested Working,B,,HP_SMARTARRAY_P440ar,,1 x 500W (723595-501) ,
39196,2610678,MXQ55101QX,HP,ProLiant DL360 Gen9,755262-B21,1 x Intel Xeon E5-2630 v3 2.40GHZ 8 Core,"24GB:_16GB_x_1,8GB_x_1",752369-081_x_1;762200-081_x_1,PC4 2133P,No_HD,,,,"Tested for Key Functions, R2/Ready for Resale",28,Tested Working,A,,HP_SMARTARRAY_P440ar,,1 x 500W (723595-201) ,
38953,2583631,BWQ10D3,Dell,PowerEdge r740xd,,2 x Intel Xeon Silver 4214 2.20GHZ 12 Core,No_RAM,, ,No_HD,,,,"Tested for Key Functions, R2/Ready for Resale",31.79,Tested Working,A,,DELL_PERC_H740P_ADP,,2 x 1100W (0Y26KX) ,
39194,2606811,15301T2,Dell,PowerEdge r740xd,,2 x Intel Xeon Gold 5118 2.30GHZ 12 Core,No_RAM,, ,No_HD,,,,"Tested for Key Functions, R2/Ready for Resale",36,Tested Working,C,,DELL_PERC_H730P_ADP,,1 x 1100W (0Y26KX) ,
39194,2606812,89XL3Y2,Dell,PowerEdge r740xd,,2 x Intel Xeon Gold 5120 2.20GHZ 14 Core,384GB:_32GB_x_12,HMA84GR7JJR4N-VK TN AC 918_x_12,PC4 2666V,No_HD,,,,"Tested for Key Functions, R2/Ready for Resale",36,Tested Working,C,,DELL_PERC_H730P_ADP,,,
38953,2578270,DBDWNK3,Dell,PowerEdge r740xd,e38s,2 x Intel Xeon Silver 4214 2.2 GHz 12 Core,No Memory,, ,No_HD,,,,"Tested for Key Functions, R2/Ready for Resale",31.93,Tested Working,A,,Internal_Raid,,2 x 1100W (0y26kx) ,Cracked_Case
39194,2606809,GTS8JV2,Dell,PowerEdge r740xd,,2 x Intel Xeon Gold 5120 2.20GHZ 14 Core,384GB:_32GB_x_12,PH M393A4K40CB2-CTD 1904_x_11;HMA84GR7AFR4N-VK T3 AA 828_x_1,PC4 2666V,No_HD,,,,"Tested for Key Functions, R2/Ready for Resale",36,Tested Working,A,,DELL_PERC_H730P_ADP,,2 x 1100W (0Y26KX) ,
39194,2609944,1SS0T52,Dell,PowerEdge R730xd,,2 x Intel Xeon E5-2660 v3 2.60GHZ 10 Core,384GB:_16GB_x_24,HMA42GR7MFR4N-TF TD AB 515_x_24,PC4 2133P,No_HD,,,,"Tested for Key Functions, R2/Ready for Resale",54,Tested Working,A,,DELL_PERC_H730P_MINI,,2 x 750W (0V1YJ6) ,
39194,2606369,7GDR0M2,Dell,PowerEdge R730xd,,2 x Intel Xeon E5-2620 v4 2.10GHZ 8 Core,256GB:_32GB_x_8,HMA84GR7AFR4N-UH TD AC 741_x_8,PC4 2400T,No_HD,,,,"Tested for Key Functions, R2/Ready for Resale",37.33,Tested Working,A,,DELL_PERC_H730P_MINI,,2 x 750W (0PJMDN) ,
39194,2606372,DBSTJB2,Dell,PowerEdge R730xd,,2 x Intel Xeon E5-2660 v3 2.60GHZ 10 Core,256GB:_32GB_x_8,HMA84GR7MFR4N-TF TD BA 541_x_8,PC4 2133P,No_HD,,,,"Tested for Key Functions, R2/Ready for Resale",37.33,Tested Working,A,,DELL_PERC_H730P_MINI,,2 x 750W (05RHVV) ,
39194,2607921,1SR5T52,Dell,PowerEdge R730xd,,2 x Intel Xeon E5-2660 v3 2.60GHZ 10 Core,384GB:_16GB_x_24,HMA42GR7MFR4N-TF TD AB 514_x_20;HMA42GR7MFR4N-TF TD AB 515_x_4,PC4 2133P,No_HD,,,,"Tested for Key Functions, R2/Ready for Resale",36,Tested Working,A,,DELL_PERC_H730P_MINI,,2 x 750W (0V1YJ6) ,
39194,2609945,6167182,Dell,PowerEdge R730xd,,2 x Intel Xeon E5-2660 v3 2.60GHZ 10 Core,512GB:_32GB_x_16,HMA84GR7MFR4N-TF TD BA 541_x_HMA84GR7MFR4N-TF TD BA 541;HMA84GR7MFR4N-TF TD BA 543_x_5,PC4 2133P,No_HD,,,,"Tested for Key Functions, R2/Ready for Resale",54,Tested Working,A,,DELL_PERC_H730P_MINI,,2 x 750W (0V1YJ6) ,
39194,2606374,9VGVWK2,Dell,PowerEdge R730xd,,2 x Intel Xeon E5-2650 v4 2.20GHZ 12 Core,No_RAM,, ,No_HD,,,,"Tested for Key Functions, R2/Ready for Resale",37.33,Tested Working,A,,DELL_PERC_H730P_MINI,,2 x 750W (05RHVV) ,
39194,2607919,1SR4T52,Dell,PowerEdge R730xd,,2 x Intel Xeon E5-2660 v3 2.60GHZ 10 Core,384GB:_16GB_x_24,HMA42GR7MFR4N-TF TD AB 515_x_24,PC4 2133P,No_HD,,,,"Tested for Key Functions, R2/Ready for Resale",36,Tested Working,A,,DELL_PERC_H730P_MINI,,2 x 750W (0V1YJ6) ,
39194,2607920,1SS1T52,Dell,PowerEdge R730xd,,2 x Intel Xeon E5-2660 v3 2.60GHZ 10 Core,384GB:_16GB_x_24,HMA42GR7MFR4N-TF TD AB 515_x_24,PC4 2133P,No_HD,,,,"Tested for Key Functions, R2/Ready for Resale",36,Tested Working,A,,DELL_PERC_H730P_MINI,,2 x 750W (0V1YJ6) ,
39194,2606217,141JF33,Dell,PowerEdge R640,,2 x Intel Xeon Silver 4208 2.10GHZ 8 Core,No_RAM,, ,No_HD,,,,"Tested for Key Functions, R2/Ready for Resale",35,Tested Working,A,,DELL_PERC_H740P_MINI,,2 x 750W (0PJMDN) ,
39194,2606223,CV9X4K3,Dell,PowerEdge R640,,2 x Intel Xeon Silver 4208 2.10GHZ 8 Core,384GB:_32GB_x_12,HMAA4GR7CJR8N-XN T8 AC 133_x_12,PC4 3200AA,No_HD,,,No_Optical,"Tested for Key Functions, R2/Ready for Resale",35,Tested Working,A,,DELL_PERC_H740P_MINI,,2 x 750W (0G6CCK) ,
39194,2606220,142HF33,Dell,PowerEdge R640,,2 x Intel Xeon Silver 4208 2.10GHZ 8 Core,No_RAM,, ,No_HD,,,,"Tested for Key Functions, R2/Ready for Resale",35,Tested Working,A,,DELL_PERC_H740P_MINI,,2 x 750W (0PJMDN) ,
39194,2606807,8CGP3Y2,Dell,PowerEdge R640,,2 x Intel Xeon Gold 5120 2.20GHZ 14 Core,384GB:_32GB_x_12,HMA84GR7JJR4N-VK TN AC 918_x_12,PC4 2666V,No_HD,,,,"Tested for Key Functions, R2/Ready for Resale",36,Tested Working,A,,DELL_PERC_H730P_MINI,,2 x 750W (0PJMDN) ,Case_Dent
39194,2606804,GT09JV2,Dell,PowerEdge R640,,2 x Intel Xeon Gold 6148 2.40GHZ 20 Core,768GB:_64GB_x_12,HMAA8GL7AMR4N-VK TF AC 904_x_12,PC4 2666V,No_HD,,,,"Tested for Key Functions, R2/Ready for Resale",36,Tested Working,A,,DELL_PERC_H730P_MINI,,1 x 750W (0PJMDN) ,
39194,2606813,7L781S2,Dell,PowerEdge R640,,2 x Intel Xeon Gold 6148 2.40GHZ 20 Core,No_RAM,, ,No_HD,,,,"Tested for Key Functions, R2/Ready for Resale",36,Tested Working,A,,DELL_PERC_H730P_MINI,,2 x 750W (0W8R3C) ,
39194,2609458,GSRGJV2,Dell,PowerEdge R640,,2 x Intel Xeon Gold 6148 2.40GHZ 20 Core,768GB:_64GB_x_12,HMAA8GL7AMR4N-VK TF AC 903_x_10;HMAA8GL7AMR4N-VK TF AC 904_x_2,PC4 2666V,No_HD,,,,"Tested for Key Functions, R2/Ready for Resale",34.83,Tested Working,A,,DELL_PERC_H730P_MINI,,2 x 750W (05RHVV) ,
39194,2606212,144HF33,Dell,PowerEdge R640,,2 x Intel Xeon Silver 4208 2.10GHZ 8 Core,No_RAM,, ,No_HD,,,,"Tested for Key Functions, R2/Ready for Resale",35,Tested Working,A,,DELL_PERC_H740P_MINI,,2 x 750W (0PJMDN) ,
39194,2606218,141LF33,Dell,PowerEdge R640,,2 x Intel Xeon Silver 4208 2.10GHZ 8 Core,No_RAM,, ,No_HD,,,,"Tested for Key Functions, R2/Ready for Resale",35,Tested Working,A,,DELL_PERC_H740P_MINI,,2 x 750W (0PJMDN) ,
39194,2607924,13ZKF33,Dell,PowerEdge R640,,2 x Intel Xeon Silver 4208 2.10GHZ 8 Core,No_RAM,, ,No_HD,,,,"Tested for Key Functions, R2/Ready for Resale",36,Tested Working,A,,DELL_PERC_H740P_MINI,,2 x 750W (0PJMDN) ,
39194,2609464,984DHQ2,Dell,PowerEdge R640,,2 x Intel Xeon Silver 4110 2.10GHZ 8 Core,No_RAM,, ,No_HD,,,,"Tested for Key Functions, R2/Ready for Resale",34.83,Tested Working,A,,Internal_Raid,,2 x 750W (0W8R3C) ,
39194,2606215,141NF33,Dell,PowerEdge R640,,2 x Intel Xeon Silver 4208 2.10GHZ 8 Core,No_RAM,, ,No_HD,,,,"Tested for Key Functions, R2/Ready for Resale",35,Tested Working,A,,DELL_PERC_H740P_MINI,,2 x 750W (0PJMDN) ,
39194,2609461,26GT0T2,Dell,PowerEdge R640,,2 x Intel Xeon Gold 6152 3.00GHZ 18 Core,384GB:_32GB_x_12,HMA84GR7MFR4N-UH TD AA 703_x_1;CN M393A4K40BB1-CRC 1713_x_1;99L0443-001_x_1;HMA84GR7AFR4N-UH TD AC 803_x_3;MTA36ASF4G72PZ-2G3D1 736_x_6,PC4 2400T,No_HD,,,No_Optical,"Tested for Key Functions, R2/Ready for Resale",34.83,Tested Working,A,,DELL_PERC_H730P_MINI,,2 x 1100W (0Y26KX) ,
39194,2606805,J15YG13,Dell,PowerEdge R640,,2 x Intel Xeon Gold 6248 2.50GHZ 20 Core,768GB:_64GB_x_12,HMAA8GR7MJR4N-WM TG AD 943_x_6;HMAA8GR7MJR4N-WM TG AD 944_x_6,PC4 2933Y,No_HD,,,,"Tested for Key Functions, R2/Ready for Resale",36,Tested Working,A,,Internal_Raid,,2 x 750W (05RHVV) ,
39194,2606213,144KF33,Dell,PowerEdge R640,,2 x Intel Xeon Silver 4208 2.10GHZ 8 Core,No_RAM,, ,No_HD,,,,"Tested for Key Functions, R2/Ready for Resale",35,Tested Working,A,,DELL_PERC_H740P_MINI,,2 x 750W (0PJMDN) ,
39194,2606224,1W9X4K3,Dell,PowerEdge R640,,2 x Intel Xeon Silver 4208 2.10GHZ 8 Core,No_RAM,, ,No_HD,,,No_Optical,"Tested for Key Functions, R2/Ready for Resale",35,Tested Working,A,,Internal_Raid,,2 x 750W (0G6CCK) ,
39194,2606219,141MF33,Dell,PowerEdge R640,,2 x Intel Xeon Silver 4208 2.10GHZ 8 Core,No_RAM,, ,No_HD,,,,"Tested for Key Functions, R2/Ready for Resale",35,Tested Working,A,,DELL_PERC_H740P_MINI,,2 x 750W (0PJMDN) ,
39194,2607922,141HF33,Dell,PowerEdge R640,,2 x Intel Xeon Silver 4208 2.10GHZ 8 Core,No_RAM,, ,No_HD,,,,"Tested for Key Functions, R2/Ready for Resale",36,Tested Working,A,,DELL_PERC_H740P_MINI,,2 x 750W (0PJMDN) ,
39194,2606221,GBMH673,Dell,PowerEdge R640,,2 x Intel Xeon Silver 4208 2.10GHZ 8 Core,No_RAM,, ,No_HD,,,No_Optical,"Tested for Key Functions, R2/Ready for Resale",35,Tested Working,A,,DELL_PERC_H740P_MINI,,2 x 750W (0KTW3M) ,
39194,2606222,FV9X4K3,Dell,PowerEdge R640,,2 x Intel Xeon Silver 4208 2.10GHZ 8 Core,No_RAM,, ,No_HD,,,No_Optical,"Tested for Key Functions, R2/Ready for Resale",35,Tested Working,A,,Internal_Raid,,1 x 750W (0V1YJ6) ,
39194,2607923,142KF33,Dell,PowerEdge R640,,2 x Intel Xeon Silver 4208 2.10GHZ 8 Core,No_RAM,, ,No_HD,,,,"Tested for Key Functions, R2/Ready for Resale",36,Tested Working,A,,DELL_PERC_H740P_MINI,,2 x 750W (0PJMDN) ,
39194,2609463,DTTWHK2,Dell,PowerEdge R640,,2 x Intel Xeon Gold 6154 3.00GHZ 18 Core,No_RAM,, ,No_HD,,,,"Tested for Key Functions, R2/Ready for Resale",34.83,Tested Working,A,,Internal_Raid,,2 x 1100W (0CMPGM) ,
39194,2606814,J12ZG13,Dell,PowerEdge R640,,2 x Intel Xeon Gold 6248 2.50GHZ 20 Core,768GB:_64GB_x_12,HMAA8GR7MJR4N-WM TG AD 944_x_12,PC4 2933Y,No_HD,,,,"Tested for Key Functions, R2/Ready for Resale",36,Tested Working,A,,DELL_PERC_H730P_MINI,,1 x 750W (05RHVV) ,
39194,2609456,C2GV4Z2,Dell,PowerEdge R640,,2 x Intel Xeon Gold 6148 2.40GHZ 20 Core,No_RAM,, ,No_HD,,,,"Tested for Key Functions, R2/Ready for Resale",34.83,Tested Working,A,,DELL_PERC_H730P_MINI,,2 x 750W (0PJMDN) ,
39194,2609460,C6MZ0S2,Dell,PowerEdge R640,,2 x Intel Xeon Gold 5120 2.20GHZ 14 Core,384GB:_32GB_x_12,HMA84GR7JJR4N-VK TN AC 918_x_1;CN M393A4K40CB2-CTD 1827_x_5;CN M393A4K40CB2-CTD 1824_x_6,PC4 2666V,No_HD,,,,"Tested for Key Functions, R2/Ready for Resale",34.83,Tested Working,A,,DELL_PERC_H730P_MINI,,2 x 750W (0PJMDN) ,
39194,2606211,142JF33,Dell,PowerEdge R640,,2 x Intel Xeon Silver 4208 2.10GHZ 8 Core,No_RAM,, ,No_HD,,,,"Tested for Key Functions, R2/Ready for Resale",35,Tested Working,A,,DELL_PERC_H740P_MINI,,2 x 750W (0PJMDN) ,
39194,2606214,142GF33,Dell,PowerEdge R640,,2 x Intel Xeon Silver 4208 2.10GHZ 8 Core,No_RAM,, ,No_HD,,,,"Tested for Key Functions, R2/Ready for Resale",35,Tested Working,A,,DELL_PERC_H740P_MINI,,2 x 750W (0PJMDN) ,
39194,2609457,985HHQ2,Dell,PowerEdge R640,,2 x Intel Xeon Gold 5120 2.20GHZ 14 Core,384GB:_32GB_x_12,CN M393A4K40CB2-CTD 1826_x_12,PC4 2666V,No_HD,,,,"Tested for Key Functions, R2/Ready for Resale",34.83,Tested Working,A,,DELL_PERC_H730P_MINI,,1 x 750W (0W8R3C) ,
39194,2606216,144JF33,Dell,PowerEdge R640,,2 x Intel Xeon Silver 4208 2.10GHZ 8 Core,No_RAM,, ,No_HD,,,,"Tested for Key Functions, R2/Ready for Resale",35,Tested Working,A,,DELL_PERC_H740P_MINI,,2 x 750W (0PJMDN) ,
39194,2606815,6YSY7X2,Dell,PowerEdge R640,,2 x Intel Xeon Gold 5120 2.20GHZ 14 Core,384GB:_32GB_x_12,HMA84GR7CJR4N-VK TF AA 836_x_10;HMA84GR7CJR4N-VK T3 AC 837_x_2,PC4 2666V,No_HD,,,No_Optical,"Tested for Key Functions, R2/Ready for Resale",36,Tested Working,A,,DELL_PERC_H730P_MINI,,2 x 750W (0PJMDN) ,
39194,2609071,JW6XDH2,Dell,PowerEdge R630,,2 x Intel Xeon E5-2680 V4 2.40GHZ 14 Core,No_RAM,, ,No_HD,,,No_Optical,"Tested for Key Functions, R2/Ready for Resale",34.66,Tested Working,A,,DELL_PERC_H730P_MINI,,2 x 750W (0W8R3C) ,
39194,2606535,JW72GK2,Dell,PowerEdge R630,,2 x Intel Xeon E5-2680 V4 2.40GHZ 14 Core,No_RAM,, ,No_HD,,,No_Optical,"Tested for Key Functions, R2/Ready for Resale",31.86,Tested Working,A,,DELL_PERC_H730P_MINI,,1 x 750W (0W8R3C) ,
39194,2607574,7JCDPD2,Dell,PowerEdge R630,,2 x Intel Xeon E5-2650 v4 2.20GHZ 12 Core,No_RAM,, ,No_HD,,,No_Optical,"Tested for Key Functions, R2/Ready for Resale",31.86,Tested Working,A,,DELL_PERC_H730P_MINI,,2 x 750W (05RHVV) ,
39194,2607571,JW6XHH2,Dell,PowerEdge R630,,2 x Intel Xeon E5-2680 V4 2.40GHZ 14 Core,No_RAM,, ,No_HD,,,No_Optical,"Tested for Key Functions, R2/Ready for Resale",31.86,Tested Working,A,,DELL_PERC_H730P_MINI,,2 x 750W (0W8R3C) ,
39194,2607763,JW79KH2,Dell,PowerEdge R630,,2 x Intel Xeon E5-2680 V4 2.40GHZ 14 Core,No_RAM,, ,No_HD,,,No_Optical,"Tested for Key Functions, R2/Ready for Resale",32,Tested Working,A,,DELL_PERC_H730P_MINI,,2 x 750W (0W8R3C) ,
39194,2609360,5RL3SD2,Dell,PowerEdge R630,,2 x Intel Xeon E5-2660 v3 2.60GHZ 10 Core,No_RAM,, ,No_HD,,,No_Optical,"Tested for Key Functions, R2/Ready for Resale",35.8,Tested Working,A,,DELL_PERC_H730P_MINI,,2 x 750W (0Y9VFC) ,
39194,2607577,JW77KH2,Dell,PowerEdge R630,,2 x Intel Xeon E5-2680 V4 2.40GHZ 14 Core,No_RAM,, ,No_HD,,,No_Optical,"Tested for Key Functions, R2/Ready for Resale",31.86,Tested Working,A,,DELL_PERC_H730P_MINI,,2 x 750W (0W8R3C) ,
39194,2607583,JW7BKH2,Dell,PowerEdge R630,,2 x Intel Xeon E5-2680 V4 2.40GHZ 14 Core,No_RAM,, ,No_HD,,,No_Optical,"Tested for Key Functions, R2/Ready for Resale",31.86,Tested Working,A,,DELL_PERC_H730P_MINI,,2 x 750W (0W8R3C) ,
39194,2606810,B7VSHH2,Dell,PowerEdge R630,,2 x Intel Xeon E5-2650 v4 2.20GHZ 12 Core,No_RAM,, ,No_HD,,,No_Optical,"Tested for Key Functions, R2/Ready for Resale",36,Tested Working,A,,DELL_PERC_H730P_MINI,,2 x 750W (05RHVV) ,
39194,2607766,JW6XKH2,Dell,PowerEdge R630,,2 x Intel Xeon E5-2680 V4 2.40GHZ 14 Core,No_RAM,, ,No_HD,,,No_Optical,"Tested for Key Functions, R2/Ready for Resale",32,Tested Working,A,,DELL_PERC_H730P_MINI,,2 x 750W (0W8R3C) ,Missing_1_x_Rack_Mount
39194,2607580,JW71JH2,Dell,PowerEdge R630,,2 x Intel Xeon E5-2680 V4 2.40GHZ 14 Core,No_RAM,, ,No_HD,,,No_Optical,"Tested for Key Functions, R2/Ready for Resale",31.86,Tested Working,A,,DELL_PERC_H730P_MINI,,2 x 750W (0W8R3C) ,
39194,2609352,GP6KMN2,Dell,PowerEdge R630,,2 x Intel Xeon E5-2650 v4 2.20GHZ 12 Core,No_RAM,, ,No_HD,,,,"Tested for Key Functions, R2/Ready for Resale",35.8,Tested Working,A,,DELL_PERC_H730P_MINI,,2 x 750W (0W8R3C) ,
39194,2607772,JW6YFK2,Dell,PowerEdge R630,,2 x Intel Xeon E5-2680 V4 2.40GHZ 14 Core,No_RAM,, ,No_HD,,,No_Optical,"Tested for Key Functions, R2/Ready for Resale",32,Tested Working,A,,DELL_PERC_H730P_MINI,,2 x 750W (0W8R3C) ,
39194,2607915,3JQ3T52,Dell,PowerEdge R630,,2 x Intel Xeon E5-2660 v3 2.60GHZ 10 Core,256GB:_16GB_x_16,MTA36ASF2G72PZ-2G1A2 504_x_16,PC4 2133P,No_HD,,,No_Optical,"Tested for Key Functions, R2/Ready for Resale",36,Tested Working,A,,DELL_PERC_H730P_MINI,,2 x 750W (0V1YJ6) ,
39194,2606544,JW6XFK2,Dell,PowerEdge R630,,2 x Intel Xeon E5-2680 V4 2.40GHZ 14 Core,No_RAM,, ,No_HD,,,No_Optical,"Tested for Key Functions, R2/Ready for Resale",31.86,Tested Working,A,,DELL_PERC_H730P_MINI,,2 x 750W (0W8R3C) ,
39194,2607918,6R02YM2,Dell,PowerEdge R630,,2 x Intel Xeon E5-2650 v4 2.20GHZ 12 Core,256GB:_32GB_x_8,HMA84GR7MFR4N-UH TD AA 751_x_8,PC4 2400T,No_HD,,,No_Optical,"Tested for Key Functions, R2/Ready for Resale",36,Tested Working,A,,DELL_PERC_H730P_MINI,,1 x 750W (0W8R3C) ,
39194,2606538,JW7BHH2,Dell,PowerEdge R630,,2 x Intel Xeon E5-2680 V4 2.40GHZ 14 Core,No_RAM,, ,No_HD,,,No_Optical,"Tested for Key Functions, R2/Ready for Resale",31.86,Tested Working,A,,DELL_PERC_H730P_MINI,,2 x 750W (0W8R3C) ,
39194,2606541,JW77JH2,Dell,PowerEdge R630,,2 x Intel Xeon E5-2680 V4 2.40GHZ 14 Core,No_RAM,, ,No_HD,,,No_Optical,"Tested for Key Functions, R2/Ready for Resale",31.86,Tested Working,A,,DELL_PERC_H730P_MINI,,2 x 750W (0W8R3C) ,
39194,2609069,JW75KH2,Dell,PowerEdge R630,,2 x Intel Xeon E5-2680 V4 2.40GHZ 14 Core,No_RAM,, ,No_HD,,,No_Optical,"Tested for Key Functions, R2/Ready for Resale",34.66,Tested Working,B,,DELL_PERC_H730P_MINI,,2 x 750W (0W8R3C) ,
39194,2607769,4GSCGK2,Dell,PowerEdge R630,,2 x Intel Xeon E5-2650 v4 2.20GHZ 12 Core,No_RAM,, ,No_HD,,,No_Optical,"Tested for Key Functions, R2/Ready for Resale",32,Tested Working,A,,DELL_PERC_H730P_MINI,,2 x 750W (0W8R3C) ,
39194,2606547,DGY0ND2,Dell,PowerEdge R630,,2 x Intel Xeon E5-2650 v4 2.20GHZ 12 Core,No_RAM,, ,No_HD,,,No_Optical,"Tested for Key Functions, R2/Ready for Resale",31.86,Tested Working,B,,DELL_PERC_H730P_MINI,,2 x 750W (05RHVV) ,
39194,2609358,5G9B942,Dell,PowerEdge R630,,2 x Intel Xeon E5-2660 v3 2.60GHZ 10 Core,512GB:_32GB_x_16,KTD-PE421LQ/32G_x_16,PC4 2133P,No_HD,,,No_Optical,"Tested for Key Functions, R2/Ready for Resale",35.8,Tested Working,A,,DELL_PERC_H730P_MINI,,2 x 750W (0G6W6K) ,
39194,2609355,HCNQ8N2,Dell,PowerEdge R630,,2 x Intel Xeon E5-2697A v4 2.60GHZ 16 Core,256GB:_32GB_x_8,HMA84GR7MFR4N-UH TD AA 801_x_8,PC4 2400T,No_HD,,,No_Optical,"Tested for Key Functions, R2/Ready for Resale",35.8,Tested Working,A,,DELL_PERC_H730P_MINI,,2 x 750W (0W8R3C) ,
39194,2607572,JW7BJH2,Dell,PowerEdge R630,,2 x Intel Xeon E5-2680 V4 2.40GHZ 14 Core,No_RAM,, ,No_HD,,,No_Optical,"Tested for Key Functions, R2/Ready for Resale",31.86,Tested Working,A,,DELL_PERC_H730P_MINI,,2 x 750W (0W8R3C) ,
39194,2607578,JW6YDH2,Dell,PowerEdge R630,,2 x Intel Xeon E5-2680 V4 2.40GHZ 14 Core,No_RAM,, ,No_HD,,,No_Optical,"Tested for Key Functions, R2/Ready for Resale",31.86,Tested Working,A,,DELL_PERC_H730P_MINI,,2 x 750W (0W8R3C) ,
39194,2607767,JW6XJH2,Dell,PowerEdge R630,,2 x Intel Xeon E5-2680 V4 2.40GHZ 14 Core,No_RAM,, ,No_HD,,,No_Optical,"Tested for Key Functions, R2/Ready for Resale",32,Tested Working,A,,DELL_PERC_H730P_MINI,,2 x 750W (0W8R3C) ,
39194,2606536,JW79HH2,Dell,PowerEdge R630,,2 x Intel Xeon E5-2680 V4 2.40GHZ 14 Core,No_RAM,, ,No_HD,,,No_Optical,"Tested for Key Functions, R2/Ready for Resale",31.86,Tested Working,A,,DELL_PERC_H730P_MINI,,2 x 750W (0W8R3C) ,
39194,2606370,3260T52,Dell,PowerEdge R630,,2 x Intel Xeon E5-2660 v3 2.60GHZ 10 Core,No_RAM,, ,No_HD,,,No_Optical,"Tested for Key Functions, R2/Ready for Resale",37.33,Tested Working,A,,DELL_PERC_H730P_MINI,,2 x 750W (0V1YJ6) ,
39194,2609072,6XFB942,Dell,PowerEdge R630,,2 x Intel Xeon E5-2660 v3 2.60GHZ 10 Core,No_RAM,, ,No_HD,,,No_Optical,"Tested for Key Functions, R2/Ready for Resale",34.66,Tested Working,A,,DELL_PERC_H730P_MINI,,2 x 750W (0G6W6K) ,
39194,2609066,JW7CJH2,Dell,PowerEdge R630,,2 x Intel Xeon E5-2680 V4 2.40GHZ 14 Core,No_RAM,, ,No_HD,,,No_Optical,"Tested for Key Functions, R2/Ready for Resale",34.66,Tested Working,A,,DELL_PERC_H730P_MINI,,2 x 750W (0W8R3C) ,
39194,2607569,JW72LH2,Dell,PowerEdge R630,,2 x Intel Xeon E5-2680 V4 2.40GHZ 14 Core,No_RAM,, ,No_HD,,,No_Optical,"Tested for Key Functions, R2/Ready for Resale",31.86,Tested Working,B,,DELL_PERC_H730P_MINI,,2 x 750W (0W8R3C) ,
39194,2607775,JW77HH2,Dell,PowerEdge R630,,2 x Intel Xeon E5-2680 V4 2.40GHZ 14 Core,No_RAM,, ,No_HD,,,No_Optical,"Tested for Key Functions, R2/Ready for Resale",32,Tested Working,A,,DELL_PERC_H730P_MINI,,2 x 750W (0W8R3C) ,
39194,2606373,15QQHK2,Dell,PowerEdge R630,,2 x Intel Xeon E5-2650 v4 2.20GHZ 12 Core,No_RAM,, ,No_HD,,,No_Optical,"Tested for Key Functions, R2/Ready for Resale",37.33,Tested Working,A,,DELL_PERC_H730P_MINI,,2 x 750W (05RHVV) ,
39194,2609075,5JGB942,Dell,PowerEdge R630,,2 x Intel Xeon E5-2660 v3 2.60GHZ 10 Core,64GB:_16GB_x_4,CN M393A2G40DB0-CPB 1448_x_4,PC4 2133P,No_HD,,,No_Optical,"Tested for Key Functions, R2/Ready for Resale",34.66,Tested Working,A,,DELL_PERC_H730P_MINI,,2 x 750W (0G6W6K) ,
39194,2609942,3262T52,Dell,PowerEdge R630,,2 x Intel Xeon E5-2660 v3 2.60GHZ 10 Core,256GB:_16GB_x_16,CN M393A2G40DB0-CPB 1519_x_8;CN M393A2G40DB0-CPB 1516_x_5;CN M393A2G40DB0-CPB 1518_x_1;HMA42GR7MFR4N-TF TD AB 515_x_2,PC4 2133P,No_HD,,,No_Optical,"Tested for Key Functions, R2/Ready for Resale",54,Tested Working,A,,DELL_PERC_H730P_MINI,,2 x 750W (0V1YJ6) ,
39194,2606376,GP6GMN2,Dell,PowerEdge R630,,2 x Intel Xeon E5-2650 v4 2.20GHZ 12 Core,512GB:_32GB_x_16,HMA84GR7MFR4N-UH TD AA 806_x_16,PC4 2400T,No_HD,,,,"Tested for Key Functions, R2/Ready for Resale",37.33,Tested Working,A,,DELL_PERC_H730P_MINI,,2 x 750W (0W8R3C) ,
39194,2606542,JW6YHH2,Dell,PowerEdge R630,,2 x Intel Xeon E5-2680 V4 2.40GHZ 14 Core,No_RAM,, ,No_HD,,,No_Optical,"Tested for Key Functions, R2/Ready for Resale",31.86,Tested Working,A,,DELL_PERC_H730P_MINI,,2 x 750W (0W8R3C) ,Broken_Power_Supply_Handle_x_4
39194,2607764,HXZQQ22,Dell,PowerEdge R630,,2 x Intel Xeon E5-2660 v3 2.60GHZ 10 Core,No_RAM,, ,No_HD,,,No_Optical,"Tested for Key Functions, R2/Ready for Resale",32,Tested Working,A,,DELL_PERC_H730P_MINI,,2 x 750W (0HTRH4) ,
39194,2607773,JW6YJH2,Dell,PowerEdge R630,,2 x Intel Xeon E5-2680 V4 2.40GHZ 14 Core,No_RAM,, ,No_HD,,,No_Optical,"Tested for Key Functions, R2/Ready for Resale",32,Tested Working,A,,DELL_PERC_H730P_MINI,,2 x 750W (0W8R3C) ,
39194,2607916,7J5DPD2,Dell,PowerEdge R630,,2 x Intel Xeon E5-2650 v4 2.20GHZ 12 Core,256GB:_32GB_x_8,PH M393A4K40BB1-CRC 1647_x_8,PC4 2400T,No_HD,,,No_Optical,"Tested for Key Functions, R2/Ready for Resale",36,Tested Working,A,,DELL_PERC_H730P_MINI,,2 x 750W (05RHVV) ,
39194,2609067,JW7CKH2,Dell,PowerEdge R630,,2 x Intel Xeon E5-2680 V4 2.40GHZ 14 Core,No_RAM,, ,No_HD,,,No_Optical,"Tested for Key Functions, R2/Ready for Resale",34.66,Tested Working,A,,DELL_PERC_H730P_MINI,,2 x 750W (0W8R3C) ,
39194,2609353,HCQ1YM2,Dell,PowerEdge R630,,2 x Intel Xeon E5-2697A v4 2.60GHZ 16 Core,256GB:_32GB_x_8,CN M393A4K40CB1-CRC 1802_x_8,PC4 2400T,No_HD,,,No_Optical,"Tested for Key Functions, R2/Ready for Resale",35.8,Tested Working,A,,DELL_PERC_H730P_MINI,,2 x 750W (0W8R3C) ,
39194,2607581,5HP8942,Dell,PowerEdge R630,,2 x Intel Xeon E5-2660 v3 2.60GHZ 10 Core,No_RAM,, ,No_HD,,,No_Optical,"Tested for Key Functions, R2/Ready for Resale",31.86,Tested Working,A,,DELL_PERC_H730P_MINI,,2 x 750W (0HTRH4) ,
39194,2606545,B7V4JH2,Dell,PowerEdge R630,,2 x Intel Xeon E5-2650 v4 2.20GHZ 12 Core,No_RAM,, ,No_HD,,,No_Optical,"Tested for Key Functions, R2/Ready for Resale",31.86,Tested Working,A,,DELL_PERC_H730P_MINI,,2 x 750W (05RHVV) ,
39194,2609070,JW78HH2,Dell,PowerEdge R630,,2 x Intel Xeon E5-2680 V4 2.40GHZ 14 Core,No_RAM,, ,No_HD,,,No_Optical,"Tested for Key Functions, R2/Ready for Resale",34.66,Tested Working,A,,DELL_PERC_H730P_MINI,,2 x 750W (0W8R3C) ,
39194,2607573,5RL8SD2,Dell,PowerEdge R630,,2 x Intel Xeon E5-2660 v3 2.60GHZ 10 Core,No_RAM,, ,No_HD,,,No_Optical,"Tested for Key Functions, R2/Ready for Resale",31.86,Tested Working,A,,DELL_PERC_H730P_MINI,,2 x 750W (0Y9VFC) ,
39194,2606533,B7VTHH2,Dell,PowerEdge R630,,2 x Intel Xeon E5-2650 v4 2.20GHZ 12 Core,No_RAM,, ,No_HD,,,No_Optical,"Tested for Key Functions, R2/Ready for Resale",31.86,Tested Working,A,,DELL_PERC_H730P_MINI,,2 x 750W (05RHVV) ,
39194,2606537,JW7DJH2,Dell,PowerEdge R630,,2 x Intel Xeon E5-2680 V4 2.40GHZ 14 Core,No_RAM,, ,No_HD,,,No_Optical,"Tested for Key Functions, R2/Ready for Resale",31.86,Tested Working,A,,DELL_PERC_H730P_MINI,,2 x 750W (0W8R3C) ,
39194,2607765,JW78JH2,Dell,PowerEdge R630,,2 x Intel Xeon E5-2680 V4 2.40GHZ 14 Core,No_RAM,, ,No_HD,,,No_Optical,"Tested for Key Functions, R2/Ready for Resale",32,Tested Working,A,,DELL_PERC_H730P_MINI,,2 x 750W (0W8R3C) ,
39194,2607575,GP6JMN2,Dell,PowerEdge R630,,2 x Intel Xeon E5-2650 v4 2.20GHZ 12 Core,No_RAM,, ,No_HD,,,,"Tested for Key Functions, R2/Ready for Resale",31.86,Tested Working,A,,DELL_PERC_H730P_MINI,,2 x 750W (0W8R3C) ,
39194,2609076,3JQ4T52,Dell,PowerEdge R630,,2 x Intel Xeon E5-2660 v3 2.60GHZ 10 Core,256GB:_16GB_x_16,MTA36ASF2G72PZ-2G1A2 504_x_16,PC4 2133P,No_HD,,,No_Optical,"Tested for Key Functions, R2/Ready for Resale",34.66,Tested Working,A,,DELL_PERC_H730P_MINI,,2 x 750W (0V1YJ6) ,Cracked_Case
39194,2606539,JW71GK2,Dell,PowerEdge R630,,2 x Intel Xeon E5-2680 V4 2.40GHZ 14 Core,No_RAM,, ,No_HD,,,No_Optical,"Tested for Key Functions, R2/Ready for Resale",31.86,Tested Working,A,,DELL_PERC_H730P_MINI,,2 x 750W (0W8R3C) ,
39194,2607774,JW75HH2,Dell,PowerEdge R630,,2 x Intel Xeon E5-2680 V4 2.40GHZ 14 Core,No_RAM,, ,No_HD,,,No_Optical,"Tested for Key Functions, R2/Ready for Resale",32,Tested Working,A,,DELL_PERC_H730P_MINI,,2 x 750W (0W8R3C) ,
39194,2607776,JW76KH2,Dell,PowerEdge R630,,2 x Intel Xeon E5-2680 V4 2.40GHZ 14 Core,No_RAM,, ,No_HD,,,No_Optical,"Tested for Key Functions, R2/Ready for Resale",32,Tested Working,A,,DELL_PERC_H730P_MINI,,2 x 750W (0W8R3C) ,
39194,2607579,JW7DHH2,Dell,PowerEdge R630,,2 x Intel Xeon E5-2680 V4 2.40GHZ 14 Core,No_RAM,, ,No_HD,,,No_Optical,"Tested for Key Functions, R2/Ready for Resale",31.86,Tested Working,A,,DELL_PERC_H730P_MINI,,2 x 750W (0W8R3C) ,
39194,2609943,21Y3T52,Dell,PowerEdge R630,,2 x Intel Xeon E5-2660 v3 2.60GHZ 10 Core,256GB:_16GB_x_16,MTA36ASF2G72PZ-2G1A2 509_x_14;MTA36ASF2G72PZ-2G1A2 450_x_1;HMA42GR7MFR4N-TF TD AB 513_x_1,PC4 2133P,No_HD,,,No_Optical,"Tested for Key Functions, R2/Ready for Resale",54,Tested Working,A,,DELL_PERC_H730P_MINI,,2 x 750W (0V1YJ6) ,
39194,2607576,4GT6GK2,Dell,PowerEdge R630,,2 x Intel Xeon E5-2650 v4 2.20GHZ 12 Core,No_RAM,, ,No_HD,,,No_Optical,"Tested for Key Functions, R2/Ready for Resale",31.86,Tested Working,A,,DELL_PERC_H730P_MINI,,2 x 750W (0W8R3C) ,
39194,2606540,7J5FPD2,Dell,PowerEdge R630,,2 x Intel Xeon E5-2650 v4 2.20GHZ 12 Core,No_RAM,, ,No_HD,,,No_Optical,"Tested for Key Functions, R2/Ready for Resale",31.86,Tested Working,A,,DELL_PERC_H730P_MINI,,2 x 750W (05RHVV) ,
39194,2607770,5JDF942,Dell,PowerEdge R630,,2 x Intel Xeon E5-2660 v3 2.60GHZ 10 Core,No_RAM,, ,No_HD,,,No_Optical,"Tested for Key Functions, R2/Ready for Resale",32,Tested Working,A,,DELL_PERC_H730P_MINI,,2 x 750W (0HTRH4) ,
39194,2606377,3263T52,Dell,PowerEdge R630,,2 x Intel Xeon E5-2660 v3 2.60GHZ 10 Core,256GB:_16GB_x_16,MTA36ASF2G72PZ-2G1A2 504_x_4;HMA42GR7MFR4N-TF TD AB 515_x_10;CN M393A2G40DB0-CPB 1519_x_2,PC4 2133P,No_HD,,,No_Optical,"Tested for Key Functions, R2/Ready for Resale",37.33,Tested Working,A,,DELL_PERC_H730P_MINI,,2 x 750W (0V1YJ6) ,Broken_Power_Supply_Latch_x_1
39194,2607768,JW78KH2,Dell,PowerEdge R630,,2 x Intel Xeon E5-2680 V4 2.40GHZ 14 Core,No_RAM,, ,No_HD,,,No_Optical,"Tested for Key Functions, R2/Ready for Resale",32,Tested Working,A,,DELL_PERC_H730P_MINI,,2 x 750W (0W8R3C) ,
39194,2607917,JR11V52,Dell,PowerEdge R630,,2 x Intel Xeon E5-2697 v4 2.30GHZ 18 Core,256GB:_32GB_x_8,99L0443-001_x_8,PC4 2400T,No_HD,,,No_Optical,"Tested for Key Functions, R2/Ready for Resale",36,Tested Working,A,,DELL_PERC_H730P_MINI,,2 x 750W (0TPJ2X) ,
39194,2606543,JW7CHH2,Dell,PowerEdge R630,,2 x Intel Xeon E5-2680 V4 2.40GHZ 14 Core,No_RAM,, ,No_HD,,,No_Optical,"Tested for Key Functions, R2/Ready for Resale",31.86,Tested Working,A,,DELL_PERC_H730P_MINI,,2 x 750W (0W8R3C) ,
39194,2607777,4GT8GK2,Dell,PowerEdge R630,,2 x Intel Xeon E5-2650 v4 2.20GHZ 12 Core,No_RAM,, ,No_HD,,,No_Optical,"Tested for Key Functions, R2/Ready for Resale",32,Tested Working,B,,DELL_PERC_H730P_MINI,,2 x 750W (0W8R3C) ,
39194,2609065,JW7DKH2,Dell,PowerEdge R630,,2 x Intel Xeon E5-2680 V4 2.40GHZ 14 Core,No_RAM,, ,No_HD,,,No_Optical,"Tested for Key Functions, R2/Ready for Resale",34.66,Tested Working,A,,DELL_PERC_H730P_MINI,,2 x 750W (0W8R3C) ,
39194,2609356,5HPD942,Dell,PowerEdge R630,,2 x Intel Xeon E5-2660 v3 2.60GHZ 10 Core,256GB:_16GB_x_16,CN M393A2G40DB0-CPB 1448_x_16,PC4 2133P,No_HD,,,No_Optical,"Tested for Key Functions, R2/Ready for Resale",35.8,Tested Working,A,,DELL_PERC_H730P_MINI,,2 x 750W (0HTRH4) ,
39194,2607771,JW6YKH2,Dell,PowerEdge R630,,2 x Intel Xeon E5-2680 V4 2.40GHZ 14 Core,No_RAM,, ,No_HD,,,No_Optical,"Tested for Key Functions, R2/Ready for Resale",32,Tested Working,A,,DELL_PERC_H730P_MINI,,2 x 750W (0W8R3C) ,
39194,2606534,JW72JH2,Dell,PowerEdge R630,,2 x Intel Xeon E5-2680 V4 2.40GHZ 14 Core,No_RAM,, ,No_HD,,,No_Optical,"Tested for Key Functions, R2/Ready for Resale",31.86,Tested Working,A,,DELL_PERC_H730P_MINI,,2 x 750W (0W8R3C) ,
39194,2609357,5G9D942,Dell,PowerEdge R630,,2 x Intel Xeon E5-2660 v3 2.60GHZ 10 Core,512GB:_32GB_x_16,KTD-PE421LQ/32G_x_16,PC4 2133P,No_HD,,,No_Optical,"Tested for Key Functions, R2/Ready for Resale",35.8,Tested Working,A,,DELL_PERC_H730P_MINI,,2 x 750W (0G6W6K) ,
39194,2607582,JW7FHH2,Dell,PowerEdge R630,,2 x Intel Xeon E5-2680 V4 2.40GHZ 14 Core,No_RAM,, ,No_HD,,,No_Optical,"Tested for Key Functions, R2/Ready for Resale",31.86,Tested Working,A,,DELL_PERC_H730P_MINI,,2 x 750W (0W8R3C) ,
39194,2607570,5JGD942,Dell,PowerEdge R630,,2 x Intel Xeon E5-2660 v3 2.60GHZ 10 Core,No_RAM,, ,No_HD,,,No_Optical,"Tested for Key Functions, R2/Ready for Resale",31.86,Tested Working,A,,DELL_PERC_H730P_MINI,,2 x 750W (0G6W6K) ,
39194,2606371,5JH7942,Dell,PowerEdge R630,,2 x Intel Xeon E5-2660 v3 2.60GHZ 10 Core,256GB:_16GB_x_16,CN M393A2G40DB0-CPB 1448_x_16,PC4 2133P,No_HD,,,No_Optical,"Tested for Key Functions, R2/Ready for Resale",37.33,Tested Working,A,,DELL_PERC_H730P_MINI,,2 x 750W (0G6W6K) ,
39194,2607914,3261T52,Dell,PowerEdge R630,,2 x Intel Xeon E5-2660 v3 2.60GHZ 10 Core,256GB:_16GB_x_16,MTA36ASF2G72PZ-2G1A2 509_x_16,PC4 2133P,No_HD,,,No_Optical,"Tested for Key Functions, R2/Ready for Resale",36,Tested Working,A,,DELL_PERC_H730P_MINI,,2 x 750W (0V1YJ6) ,
39194,2609068,JW79JH2,Dell,PowerEdge R630,,2 x Intel Xeon E5-2680 V4 2.40GHZ 14 Core,No_RAM,, ,No_HD,,,No_Optical,"Tested for Key Functions, R2/Ready for Resale",34.66,Tested Working,A,,DELL_PERC_H730P_MINI,,2 x 750W (0W8R3C) ,Case_Dent
39194,2606546,8YXD082,Dell,PowerEdge R630,,2 x Intel Xeon E5-2660 v3 2.60GHZ 10 Core,No_RAM,, ,No_HD,,,No_Optical,"Tested for Key Functions, R2/Ready for Resale",31.86,Tested Working,B,,DELL_PERC_H730P_MINI,,2 x 750W (0V1YJ6) ,
39194,2609354,8YQF082,Dell,PowerEdge R630,,2 x Intel Xeon E5-2660 v3 2.60GHZ 10 Core,256GB:_32GB_x_8,CN M393A4K40BB0-CPB 1534_x_8,PC4 2133P,No_HD,,,No_Optical,"Tested for Key Functions, R2/Ready for Resale",35.8,Tested Working,A,,DELL_PERC_H730P_MINI,,2 x 750W (0V1YJ6) ,
39196,2610679,9D1Y9T2,Dell,PowerEdge R440,,1 x Intel Xeon Silver 4110 2.10GHZ 8 Core,32GB:_32GB_x_1,PH M393A4K40CB2-CTD 1829_x_1,PC4 2666V,No_HD,,,DVDROM,"Tested for Key Functions, R2/Ready for Resale",28,Tested Working,A,,DELL_PERC_H730P_ADP,,2 x 550W (06V43G) ,
39194,2609346,1VVYSD2,Dell,PowerEdge FC630,,2 x Intel Xeon E5-2670 v3 2.30GHZ 12 Core,256GB:_16GB_x_16,HMA82GR7MFR8N-UH TD AB 620_x_16,PC4 2400T,No_HD,,,,"Tested for Key Functions, R2/Ready for Resale",10,Tested Working,B,,DELL_PERC_H730_MINI,,,
39194,2609443,6MZ4TD2,Dell,PowerEdge FC630,,2 x Intel Xeon E5-2670 v3 2.30GHZ 12 Core,256GB:_16GB_x_16,HMA82GR7MFR8N-UH T2 AB 621_x_16,PC4 2400T,No_HD,,,,"Tested for Key Functions, R2/Ready for Resale",10,Tested Working,A,,DELL_PERC_H730_MINI,,,
39194,2609446,DPPX842,Dell,PowerEdge FC630,,2 x Intel Xeon E5-2670 v3 2.30GHZ 12 Core,256GB:_16GB_x_16,CN M393A2G40DB0-CPB 1448_x_16,PC4 2133P,No_HD,,,,"Tested for Key Functions, R2/Ready for Resale",10,Tested Working,A,,DELL_PERC_H330_MINI,,,
39194,2609340,6MH3TD2,Dell,PowerEdge FC630,,2 x Intel Xeon E5-2670 v3 2.30GHZ 12 Core,256GB:_16GB_x_16,HMA82GR7MFR8N-UH T2 AB 620_x_16,PC4 2400T,No_HD,,,,"Tested for Key Functions, R2/Ready for Resale",10,Tested Working,A,,DELL_PERC_H730_MINI,,,
39194,2609449,6MM3TD2,Dell,PowerEdge FC630,,2 x Intel Xeon E5-2670 v3 2.30GHZ 12 Core,256GB:_16GB_x_16,HMA82GR7MFR8N-UH T2 AB 620_x_15;CN M393A2K43BB1-CRC 1741_x_1,PC4 2400T,No_HD,,,,"Tested for Key Functions, R2/Ready for Resale",10,Tested Working,A,,DELL_PERC_H730_MINI,,,
39194,2609930,6NC5TD2,Dell,PowerEdge FC630,,2 x Intel Xeon E5-2670 v3 2.30GHZ 12 Core,256GB:_16GB_x_16,HMA82GR7MFR8N-UH TD AB 621_x_16,PC4 2400T,No_HD,,,,"Tested for Key Functions, R2/Ready for Resale",10,Tested Working,A,,DELL_PERC_H730_MINI,,,Removed_Swollen_RAID_PCI
39194,2609343,C4KH842,Dell,PowerEdge FC630,,2 x Intel Xeon E5-2670 v3 2.30GHZ 12 Core,256GB:_16GB_x_16,CN M393A2G40DB0-CPB 1451_x_16,PC4 2133P,No_HD,,,,"Tested for Key Functions, R2/Ready for Resale",10,Tested Working,B,,DELL_PERC_H330_MINI,,,
39194,2609927,C2LR842,Dell,PowerEdge FC630,,2 x Intel Xeon E5-2670 v3 2.30GHZ 12 Core,256GB:_16GB_x_16,MTA36ASF2G72PZ-2G1A2 448_x_16,PC4 2133P,No_HD,,,,"Tested for Key Functions, R2/Ready for Resale",10,Tested Working,A,,Internal_Raid,,,
39194,2609452,CXC3942,Dell,PowerEdge FC630,,2 x Intel Xeon E5-2670 v3 2.30GHZ 12 Core,512GB:_32GB_x_16,HMA84GL7MMR4N-TF TD AA 503_x_16,PC4 2133P,No_HD,,,,"Tested for Key Functions, R2/Ready for Resale",10,Tested Working,A,,DELL_PERC_H330_MINI,,,
39194,2609444,7LRZ842,Dell,PowerEdge FC630,,2 x Intel Xeon E5-2670 v3 2.30GHZ 12 Core,256GB:_16GB_x_16,MTA36ASF2G72PZ-2G1A2 452_x_16,PC4 2133P,No_HD,,,,"Tested for Key Functions, R2/Ready for Resale",10,Tested Working,A,,DELL_PERC_H330_MINI,,,Case_Dent
39194,2606378,CXC2942,Dell,PowerEdge FC630,,2 x Intel Xeon E5-2670 v3 2.30GHZ 12 Core,512GB:_32GB_x_16,HMA84GL7MMR4N-TF TD AA 503_x_16,PC4 2133P,No_HD,,,,"Tested for Key Functions, R2/Ready for Resale",10,Tested Working,A,,DELL_PERC_H330_MINI,,,
39194,2609928,28D3942,Dell,PowerEdge FC630,,2 x Intel Xeon E5-2670 v3 2.30GHZ 12 Core,256GB:_16GB_x_16,CN M393A2G40DB0-CPB 1449_x_16,PC4 2133P,No_HD,,,,"Tested for Key Functions, R2/Ready for Resale",10,Tested Working,A,,Internal_Raid,,,
39194,2609347,6MY0TD2,Dell,PowerEdge FC630,,2 x Intel Xeon E5-2670 v3 2.30GHZ 12 Core,256GB:_16GB_x_16,HMA82GR7MFR8N-UH TD AB 620_x_16,PC4 2400T,No_HD,,,,"Tested for Key Functions, R2/Ready for Resale",10,Tested Working,A,,DELL_PERC_H730_MINI,,,
39194,2609441,9S30942,Dell,PowerEdge FC630,,2 x Intel Xeon E5-2670 v3 2.30GHZ 12 Core,256GB:_16GB_x_16,MTA36ASF2G72PZ-2G1A2 452_x_16,PC4 2133P,No_HD,,,,"Tested for Key Functions, R2/Ready for Resale",10,Tested Working,A,,DELL_PERC_H330_MINI,,,
39194,2609450,CXB6942,Dell,PowerEdge FC630,,2 x Intel Xeon E5-2670 v3 2.30GHZ 12 Core,512GB:_32GB_x_16,HMA84GL7MMR4N-TF TD AA 503_x_16,PC4 2133P,No_HD,,,,"Tested for Key Functions, R2/Ready for Resale",10,Tested Working,A,,DELL_PERC_H330_MINI,,,
39194,2609344,6ML4TD2,Dell,PowerEdge FC630,,2 x Intel Xeon E5-2670 v3 2.30GHZ 12 Core,256GB:_16GB_x_16,HMA82GR7MFR8N-UH T2 AB 620_x_16,PC4 2400T,No_HD,,,,"Tested for Key Functions, R2/Ready for Resale",10,Tested Working,A,,DELL_PERC_H730_MINI,,,
39194,2609447,6MD2TD2,Dell,PowerEdge FC630,,2 x Intel Xeon E5-2670 v3 2.30GHZ 12 Core,256GB:_16GB_x_16,HMA82GR7MFR8N-UH TD AB 621_x_16,PC4 2400T,No_HD,,,,"Tested for Key Functions, R2/Ready for Resale",10,Tested Working,A,,DELL_PERC_H730_MINI,,,
39194,2609341,6MF2TD2,Dell,PowerEdge FC630,,2 x Intel Xeon E5-2670 v3 2.30GHZ 12 Core,256GB:_16GB_x_16,HMA82GR7MFR8N-UH TD AB 621_x_16,PC4 2400T,No_HD,,,,"Tested for Key Functions, R2/Ready for Resale",10,Tested Working,A,,DELL_PERC_H730_MINI,,,
39194,2609445,6NC3TD2,Dell,PowerEdge FC630,,2 x Intel Xeon E5-2670 v3 2.30GHZ 12 Core,256GB:_16GB_x_16,HMA82GR7MFR8N-UH TD AB 621_x_16,PC4 2400T,No_HD,,,,"Tested for Key Functions, R2/Ready for Resale",10,Tested Working,A,,DELL_PERC_H730_MINI,,,
39194,2609345,1VVZSD2,Dell,PowerEdge FC630,,2 x Intel Xeon E5-2670 v3 2.30GHZ 12 Core,256GB:_16GB_x_16,HMA82GR7MFR8N-UH TD AB 620_x_16,PC4 2400T,No_HD,,,,"Tested for Key Functions, R2/Ready for Resale",10,Tested Working,A,,DELL_PERC_H730_MINI,,,
39194,2609348,6MZ5TD2,Dell,PowerEdge FC630,,2 x Intel Xeon E5-2670 v3 2.30GHZ 12 Core,256GB:_16GB_x_16,HMA82GR7MFR8N-UH TD AB 620_x_13;HMA82GR7MFR8N-UH T2 AB 621_x_3,PC4 2400T,No_HD,,,,"Tested for Key Functions, R2/Ready for Resale",10,Tested Working,B,,DELL_PERC_H730_MINI,,,
39194,2609451,FJWV842,Dell,PowerEdge FC630,,2 x Intel Xeon E5-2670 v3 2.30GHZ 12 Core,256GB:_16GB_x_16,CN M393A2G40DB0-CPB 1448_x_10;CN M393A2G40DB0-CPB 1442_x_6,PC4 2133P,No_HD,,,,"Tested for Key Functions, R2/Ready for Resale",10,Tested Working,A,,DELL_PERC_H330_MINI,,,
39194,2609448,CXR1942,Dell,PowerEdge FC630,,2 x Intel Xeon E5-2670 v3 2.30GHZ 12 Core,256GB:_16GB_x_16,KR M393A2G40DB0-CPB 1448_x_16,PC4 2133P,No_HD,,,,"Tested for Key Functions, R2/Ready for Resale",10,Tested Working,A,,DELL_PERC_H330_MINI,,,
39194,2609442,FFKT842,Dell,PowerEdge FC630,,2 x Intel Xeon E5-2670 v3 2.30GHZ 12 Core,256GB:_16GB_x_16,CN M393A2G40DB0-CPB 1448_x_6;CN M393A2G40DB0-CPB 1441_x_10,PC4 2133P,No_HD,,,,"Tested for Key Functions, R2/Ready for Resale",10,Tested Working,A,,DELL_PERC_H330_MINI,,,Case_Dent
39194,2609929,C4GJ842,Dell,PowerEdge FC630,,2 x Intel Xeon E5-2670 v3 2.30GHZ 12 Core,256GB:_16GB_x_16,CN M393A2G40DB0-CPB 1451_x_15;CN M393A2G40DB0-CPB 1452_x_1,PC4 2133P,No_HD,,,,"Tested for Key Functions, R2/Ready for Resale",10,Tested Working,A,,Internal_Raid,,,
39194,2609342,6MWYSD2,Dell,PowerEdge FC630,,2 x Intel Xeon E5-2670 v3 2.30GHZ 12 Core,256GB:_16GB_x_16,HMA82GR7MFR8N-UH T2 AB 621_x_16,PC4 2400T,No_HD,,,,"Tested for Key Functions, R2/Ready for Resale",10,Tested Working,A,,DELL_PERC_H730_MINI,,,
10511,2709547,1C7Z2Q3,Dell,PowerEdge R640,,2 x Intel Xeon Gold 5220R 2.2GHz,256GB:_64GB_x_4,P2MYX_x_4,PC4-3200,No_HD,,,,,,,,,,,,
10511,2709548,2C7Z2Q3,Dell,PowerEdge R640,,2 x Intel Xeon Gold 5220R 2.2GHz,256GB:_64GB_x_4,P2MYX_x_4,PC4-3200,No_HD,,,,,,,,,,,,
10511,2709549,JB7Z2Q3,Dell,PowerEdge R640,,2 x Intel Xeon Gold 5220R 2.2GHz,256GB:_64GB_x_4,P2MYX_x_4,PC4-3200,No_HD,,,,,,,,,,,,
10511,2709550,889NY23,Dell,PowerEdge R740XD,,2 x Intel Xeon Silver 4214 2.2GHz,256GB:_32GB_x_8,8WKDY_x_8,PC4-2933,No_HD,,,,,,,,,,,,
10512,2709551,B240RD2,Dell,PowerEdge R530,,2 x Intel Xeon E5-2620 V3,64GB:_16GB_x_4,1R8CR_x_4,PC4-2133,No_HD,,,,,,,,,,,,
10512,2709552,B241RD2,Dell,PowerEdge R530,,2 x Intel Xeon E5-2620 V3,64GB:_16GB_x_4,1R8CR_x_4,PC4-2133,No_HD,,,,,,,,,,,,
10512,2709553,452TMR2,Dell,PowerEdge R430,,2 x Intel Xeon E5-2690 V4,64GB:_32GB_x_2,CPC7G_x_2,PC4-2400,No_HD,,,,,,,,,,,,
10512,2709554,88WSGK2,Dell,PowerEdge R430,,1 x Intel Xeon E5-2620 v4 2.10GHZ 8 Core,64GB:_32GB_x_2,CPC7G_x_2,PC4-2400,No_HD,,,,,,,,,,,,
10513,2709555,AF200050,HPE Nimble Storage,Q8H72A,,,,,,,,,,,,,,,,,,
10513,2709556,MXQ80401P5,HP,ProLiant DL360 Gen10,,No Processor,No RAM,,,No_HD,,,,,,,,,,,,
10514,2709557,SN,HPE Nimble Storage,HF40,,,,,,20 x 2TB ; 6 x 480GB,"20 x Exos 7E8 2TB, 6 x Samsung MZ-7LH4800 480 GB",,,,,,,,,,,
